wall_time,sensor.powmr_inverter_grid_real_power_calculated,sensor.powmr_inverter_ac_output_power
2026-10-01T14:41:47.312+03:00,0.0,148.0
2026-10-01T14:41:52.526+03:00,0.0,146.0
2026-10-01T14:41:57.625+03:00,0.0,164.0
2026-10-01T14:42:02.737+03:00,0.0,164.0
2026-10-01T14:42:07.918+03:00,0.0,164.0
2026-10-01T14:42:13.072+03:00,0.0,164.0
2026-10-01T14:42:18.120+03:00,0.0,164.0
2026-10-01T14:42:23.203+03:00,0.0,164.0
2026-10-01T14:42:28.300+03:00,0.0,164.0
2026-10-01T14:42:33.456+03:00,0.0,141.0
2026-10-01T14:42:38.592+03:00,0.0,147.0
2026-10-01T14:42:43.681+03:00,0.0,141.0
2026-10-01T14:42:48.809+03:00,0.0,149.0
2026-10-01T14:42:53.978+03:00,0.0,144.0
2026-10-01T14:42:59.143+03:00,0.0,146.0
